File Name	Base Sequence	Full Sequence	Protein Group	Organism	Peptide Monoisotopic Mass	MS2 Retention Time	Precursor Charge	Theoretical MZ	Peak intensity	Peak RT Start	Peak RT Apex	Peak RT End	Peak MZ	Peak Charge	Num Charge States Observed	Peak Detection Type	PIP Q-Value	PIP PEP	PSMs Mapped	Base Sequences Mapped	Full Sequences Mapped	Peak Split Valley RT	Peak Apex Mass Error (ppm)	Decoy Peptide	Random RT
control_1_DDA_14	GRFTISR	GRFTISR	G3ILU4	Cricetulus griseus	835.466435219	18.495572	2	418.740494076379	398151242	18.468454	18.606094	22.470982	418.74017	2	2	MSMS			16	1	1	0	-0.7678023239852598	False	False
control_1_DDA_14	FTISRDNSK	FTISRDNSK	G3ILU4	Cricetulus griseus	1066.54072236	16.713304	2	534.277637646879	63385170.5	16.547464	16.708874	17.348747	534.278	2	2	MSMS			3	1	1	17.36248207092285	0.7078770304645721	False	False
control_1_DDA_14	GRFTISRDNSK	GRFTISRDNSK	G3ILU4	Cricetulus griseus	1279.663297105	14.939958	3	427.56170883521236	19794209.166666668	14.853016	15.01745	16.621313	427.56216	3	2	MSMS			5	1	1	0	1.0916401729175043	False	False
control_1_DDA_14	VLYPNDNFFEGK	VLYPNDNFFEGK	G3H6Z4	Cricetulus griseus	1441.68778052	35.090055	2	721.851166726879	7840931.5	34.89323	35.04416	35.180923	721.8511	2	1	MSMS			2	1	1	0	-0.12833309731036893	False	False
control_1_DDA_14	TCAYTNHTVLPEALER	TC[Common Fixed:Carbamidomethyl on C]AYTNHTVLPEALER	G3H6Z4	Cricetulus griseus	1873.899247098	29.060758	2	937.956900015879	4991612.25	28.88733	29.160988	29.659508	625.6422	3	2	MSMS			9	1	1	0	2.9666715323224238	False	False
control_1_DDA_14	TLDNDIMLIK	TLDNDIMLIK	G3HL18|G3HUC0	Cricetulus griseus	1174.626760661	35.136555	2	588.320656797379	3558678.40625	35.12496	35.19571	35.34102	588.3214	2	1	MSMS			1	1	1	0	1.2843831911128138	False	False
control_1_DDA_14	FTISRDNSK	FTISRDNSK	G3ILU4	Cricetulus griseus	1066.54072236	17.46791	2	534.277637646879	383177.236328125	17.374262	17.473143	18.273247	534.2784	2	2	MSMS			1	1	1	17.36248207092285	1.3946036219999849	False	False
control_1_DDA_14	AAIAAAAAAAAAAK	AAIAAAAAAAAAAK	G3I196	Cricetulus griseus	1111.6349571	26.774312	2	556.8247550168791	325187.640625	26.732407	26.776335	26.867155	556.82587	2	1	MSMS			1	1	1	0	2.000085248663095	False	False
control_1_DDA_14	KPAAAAVTK	KPAAAAVTK	G3HDU1	Cricetulus griseus	855.517802088	3.5215411	2	428.766177510879	303841.1077835506	3.5017269	3.528918	3.539627	428.76685	2	1	MSMS			1	1	1	0	1.5620767782162244	False	False
control_1_DDA_14	DNIQGITKPAIR	DNIQGITKPAIR	G3H2T6|G3HDS1|G3HDT9|G3HDU7|G3HPV6|G3HPV7	Cricetulus griseus	1324.746298455	23.900999	2	663.380425694379	246274.06640625	23.842417	23.919025	23.97878	663.3816	2	1	MSMS			2	1	1	0	1.76049179730811	False	False
control_1_DDA_14	HFNTFIHEDIWNIR	HFNTFIHEDIWNIR	G3I1R6	Cricetulus griseus	1840.900901604	36.474093	3	614.640910334879	182547.99633877192	36.390705	36.4334	36.565292	614.9753	3	1	MSMS			1	1	1	0	0.09907894559646349	False	False
control_1_DDA_14	ISGLIYEETR	ISGLIYEETR	G3H2T6|G3HDS1|G3HDT9|G3HDU7|G3HPV6|G3HPV7	Cricetulus griseus	1179.613552949	28.825329	2	590.814052941379	145029.5923636256	28.771683	28.842213	28.842213	590.81476	2	1	MSMS			1	1	1	0	1.1959160700634304	False	False
control_2_DDA_15	GRFTISR	GRFTISR	G3ILU4	Cricetulus griseus	835.466435219	18.337295	2	418.740494076379	400382576	18.328571	18.45354	21.381615	418.74026	2	2	MSMS			15	1	1	0	-0.5486367644472484	False	False
control_2_DDA_15	FTISRDNSK	FTISRDNSK	G3ILU4	Cricetulus griseus	1066.54072236	16.568601	2	534.277637646879	59412951	16.404142	16.54906	17.228548	534.27844	2	2	MSMS			4	1	1	17.23787498474121	1.5090580539225538	False	False
control_2_DDA_15	GRFTISRDNSK	GRFTISRDNSK	G3ILU4	Cricetulus griseus	1279.663297105	14.886701	2	640.8389250193791	19215679.333333332	14.740063	14.845763	15.613007	427.5622	3	2	MSMS			4	1	1	15.628835678100586	1.0916401729175043	False	False
control_2_DDA_15	SLCIQTQTAPDVLSSERALELAQCKTK	SLC[Common Fixed:Carbamidomethyl on C]IQTQTAPDVLSSERALELAQC[Common Fixed:Carbamidomethyl on C]KTK	G3GZB5	Cricetulus griseus	3046.542720452	34.170065	2	1524.278636692879	16240522.208333334	33.66579	33.83661	34.729866	1016.8591	3	2	MSMS			2	1	1	0	3.200922598694138	False	False
control_2_DDA_15	VLYPNDNFFEGK	VLYPNDNFFEGK	G3H6Z4	Cricetulus griseus	1441.68778052	34.834656	2	721.851166726879	7910870.90625	34.785133	34.90877	35.059563	721.85254	2	2	MSMS			2	1	1	0	1.9037903205237585	False	False
control_2_DDA_15	TCAYTNHTVLPEALER	TC[Common Fixed:Carbamidomethyl on C]AYTNHTVLPEALER	G3H6Z4	Cricetulus griseus	1873.899247098	29.076838	2	937.956900015879	5115810.083333333	28.759829	29.028206	29.527925	625.6425	3	2	MSMS			8	1	1	0	3.4226684002561205	False	False
control_2_DDA_15	TLDNDIMLIK	TLDNDIMLIK	G3HL18|G3HUC0	Cricetulus griseus	1174.626760661	35.03995	2	588.320656797379	3867984.6916181995	34.990917	35.07264	35.15372	588.321	2	1	MSMS			1	1	1	0	0.5569247199477688	False	False
control_2_DDA_15	KPAAAAVTK	KPAAAAVTK	G3HDU1	Cricetulus griseus	855.517802088	3.4911246	2	428.766177510879	686370.6466093219	3.4727025	3.4811583	3.6065857	428.76715	2	1	MSMS			1	1	1	0	2.275506190217189	False	False
control_2_DDA_15	FTISRDNSK	FTISRDNSK	G3ILU4	Cricetulus griseus	1066.54072236	17.366763	2	534.277637646879	421289.1171875	17.247255	17.34366	18.176762	534.27826	2	2	MSMS			1	1	1	17.23787498474121	1.1656947581548474	False	False
control_2_DDA_15	AAIAAAAAAAAAAK	AAIAAAAAAAAAAK	G3I196	Cricetulus griseus	1111.6349571	26.63863	2	556.8247550168791	366993.296875	26.62554	26.654568	26.788822	556.82574	2	1	MSMS			1	1	1	0	1.7804622299367798	False	False
control_2_DDA_15	DNIQGITKPAIR	DNIQGITKPAIR	G3H2T6|G3HDS1|G3HDT9|G3HDU7|G3HPV6|G3HPV7	Cricetulus griseus	1324.746298455	23.790832	2	663.380425694379	247076.474609375	23.74845	23.81106	23.872208	663.38196	2	2	MSMS			2	1	1	0	2.3133688846826477	False	False
control_2_DDA_15	KASGPPVSELITK	KASGPPVSELITK	G3HDU1	Cricetulus griseus	1325.755466158	25.604474	2	663.885009545879	126227.96875	25.43451	25.57818	25.696518	663.886	2	1	MSMS			1	1	1	0	1.4735481329772513	False	False
control_3_DDA_16	GRFTISR	GRFTISR	G3ILU4	Cricetulus griseus	835.466435219	18.294322	2	418.740494076379	421225404	18.288338	18.384005	21.360216	418.74036	2	2	MSMS			15	1	1	0	-0.3294712049092369	False	False
control_3_DDA_16	FTISRDNSK	FTISRDNSK	G3ILU4	Cricetulus griseus	1066.54072236	16.538119	2	534.277637646879	59736518	16.070217	16.518621	17.159245	534.2782	2	2	MSMS			2	1	1	17.171018600463867	1.0512403262322787	False	False
control_3_DDA_16	GRFTISRDNSK	GRFTISRDNSK	G3ILU4	Cricetulus griseus	1279.663297105	14.77503	2	640.8389250193791	17940897.833333332	14.739377	14.869379	16.441885	427.562	3	2	MSMS			5	1	1	0	0.7100700746700627	False	False
control_3_DDA_16	VLYPNDNFFEGK	VLYPNDNFFEGK	G3H6Z4	Cricetulus griseus	1441.68778052	34.910911	2	721.851166726879	7900452.71875	34.737843	34.860657	35.000473	721.8525	2	2	MSMS			2	1	1	0	1.8191185114473365	False	False
control_3_DDA_16	TCAYTNHTVLPEALER	TC[Common Fixed:Carbamidomethyl on C]AYTNHTVLPEALER	G3H6Z4	Cricetulus griseus	1873.899247098	28.885878	2	937.956900015879	4841389.291666667	28.671	28.953604	29.530676	625.6422	3	2	MSMS			7	1	1	0	2.9666715323224238	False	False
control_3_DDA_16	TLDNDIMLIK	TLDNDIMLIK	G3HL18|G3HUC0	Cricetulus griseus	1174.626760661	34.982294	2	588.320656797379	3541635.0625	34.931553	35.030224	35.098248	588.3216	2	1	MSMS			1	1	1	0	1.5961511073264043	False	False
control_3_DDA_16	KPAAAAVTK	KPAAAAVTK	G3HDU1	Cricetulus griseus	855.517802088	3.5482254	2	428.766177510879	706719.1641055915	3.5340936	3.5437944	3.6632667	428.76712	2	1	MSMS			1	1	1	0	2.204163249017093	False	False
control_3_DDA_16	FTISRDNSK	FTISRDNSK	G3ILU4	Cricetulus griseus	1066.54072236	17.297747	2	534.277637646879	457694.5546875	17.184727	17.318987	18.170774	534.27844	2	2	MSMS			1	1	1	17.171018600463867	1.5090580539225538	False	False
control_3_DDA_16	AAIAAAAAAAAAAK	AAIAAAAAAAAAAK	G3I196	Cricetulus griseus	1111.6349571	26.597999	2	556.8247550168791	322672.029296875	26.584763	26.630272	26.702663	556.826	2	1	MSMS			1	1	1	0	2.2197082673894104	False	False
control_3_DDA_16	DNIQGITKPAIR	DNIQGITKPAIR	G3H2T6|G3HDS1|G3HDT9|G3HDU7|G3HPV6|G3HPV7	Cricetulus griseus	1324.746298455	23.811621	2	663.380425694379	233740.6328125	23.727709	23.80285	23.865337	663.38214	2	2	MSMS			2	1	1	0	2.5898074283699164	False	False
control_3_DDA_16	ISGLIYEETR	ISGLIYEETR	G3H2T6|G3HDS1|G3HDT9|G3HDU7|G3HPV6|G3HPV7	Cricetulus griseus	1179.613552949	28.648017	2	590.814052941379	165674.953125	28.40947	28.61187	28.671	590.8153	2	1	MSMS			1	1	1	0	2.1272658411418055	False	False
